index_date,P,P_CFPV
2023-01-29 00:00:00,-0.0,-0.0
2023-01-29 00:01:00,-0.0,-0.0
2023-01-29 00:02:00,-0.0,-0.0
2023-01-29 00:03:00,-0.0,-0.0
2023-01-29 00:04:00,-0.0,-0.0
2023-01-29 00:05:00,-0.0,-0.0
2023-01-29 00:06:00,0.0,0.0
2023-01-29 00:07:00,0.0,0.0
2023-01-29 00:08:00,0.0,0.0
2023-01-29 00:09:00,0.0,0.0
2023-01-29 00:10:00,0.0,0.0
2023-01-29 00:11:00,0.0,0.0
2023-01-29 00:12:00,0.0,0.0
2023-01-29 00:13:00,0.0,0.0
2023-01-29 00:14:00,0.0,0.0
2023-01-29 00:15:00,0.0,0.0
2023-01-29 00:16:00,0.0,0.0
2023-01-29 00:17:00,0.0,0.0
2023-01-29 00:18:00,0.0,0.0
2023-01-29 00:19:00,0.0,0.0
2023-01-29 00:20:00,0.0,0.0
2023-01-29 00:21:00,0.0,0.0
2023-01-29 00:22:00,0.0,0.0
2023-01-29 00:23:00,0.0,0.0
2023-01-29 00:24:00,0.0,0.0
2023-01-29 00:25:00,-0.0,-0.0
2023-01-29 00:26:00,0.0,0.0
2023-01-29 00:27:00,0.0,0.0
2023-01-29 00:28:00,0.0,0.0
2023-01-29 00:29:00,0.0,0.0
2023-01-29 00:30:00,0.0,0.0
2023-01-29 00:31:00,0.0,0.0
2023-01-29 00:32:00,0.0,0.0
2023-01-29 00:33:00,0.0,0.0
2023-01-29 00:34:00,0.0,0.0
2023-01-29 00:35:00,0.0,0.0
2023-01-29 00:36:00,-0.0,-0.0
2023-01-29 00:37:00,0.0,0.0
2023-01-29 00:38:00,-0.0,-0.0
2023-01-29 00:39:00,0.0,0.0
2023-01-29 00:40:00,0.0,0.0
2023-01-29 00:41:00,0.0,0.0
2023-01-29 00:42:00,0.0,0.0
2023-01-29 00:43:00,0.0,0.0
2023-01-29 00:44:00,0.0,0.0
2023-01-29 00:45:00,0.0,0.0
2023-01-29 00:46:00,0.0,0.0
2023-01-29 00:47:00,0.0,0.0
2023-01-29 00:48:00,0.0,0.0
2023-01-29 00:49:00,0.0,0.0
2023-01-29 00:50:00,-0.0,-0.0
2023-01-29 00:51:00,0.0,0.0
2023-01-29 00:52:00,0.0,0.0
2023-01-29 00:53:00,-0.0,-0.0
2023-01-29 00:54:00,0.0,0.0
2023-01-29 00:55:00,0.0,0.0
2023-01-29 00:56:00,0.0,0.0
2023-01-29 00:57:00,0.0,0.0
2023-01-29 00:58:00,-0.0,-0.0
2023-01-29 00:59:00,-0.0,-0.0
2023-01-29 01:00:00,0.0,0.0
2023-01-29 01:01:00,0.0,0.0
2023-01-29 01:02:00,-0.0,-0.0
2023-01-29 01:03:00,-0.0,-0.0
2023-01-29 01:04:00,-0.0,-0.0
2023-01-29 01:05:00,0.0,0.0
2023-01-29 01:06:00,0.0,0.0
2023-01-29 01:07:00,0.0,0.0
2023-01-29 01:08:00,0.0,0.0
2023-01-29 01:09:00,0.0,0.0
2023-01-29 01:10:00,0.0,0.0
2023-01-29 01:11:00,0.0,0.0
2023-01-29 01:12:00,0.0,0.0
2023-01-29 01:13:00,0.0,0.0
2023-01-29 01:14:00,0.0,0.0
2023-01-29 01:15:00,0.0,0.0
2023-01-29 01:16:00,0.0,0.0
2023-01-29 01:17:00,0.0,0.0
2023-01-29 01:18:00,0.0,0.0
2023-01-29 01:19:00,0.0,0.0
2023-01-29 01:20:00,0.0,0.0
2023-01-29 01:21:00,0.0,0.0
2023-01-29 01:22:00,0.0,0.0
2023-01-29 01:23:00,-0.0,-0.0
2023-01-29 01:24:00,0.0,0.0
2023-01-29 01:25:00,0.0,0.0
2023-01-29 01:26:00,0.0,0.0
2023-01-29 01:27:00,0.0,0.0
2023-01-29 01:28:00,0.0,0.0
2023-01-29 01:29:00,0.0,0.0
2023-01-29 01:30:00,0.0,0.0
2023-01-29 01:31:00,0.0,0.0
2023-01-29 01:32:00,0.0,0.0
2023-01-29 01:33:00,0.0,0.0
2023-01-29 01:34:00,-0.0,-0.0
2023-01-29 01:35:00,0.0,0.0
2023-01-29 01:36:00,0.0,0.0
2023-01-29 01:37:00,-0.0,-0.0
2023-01-29 01:38:00,0.0,0.0
2023-01-29 01:39:00,0.0,0.0
2023-01-29 01:40:00,0.0,0.0
2023-01-29 01:41:00,0.0,0.0
2023-01-29 01:42:00,0.0,0.0
2023-01-29 01:43:00,-0.0,-0.0
2023-01-29 01:44:00,0.0,0.0
2023-01-29 01:45:00,0.0,0.0
2023-01-29 01:46:00,0.0,0.0
2023-01-29 01:47:00,0.0,0.0
2023-01-29 01:48:00,0.0,0.0
2023-01-29 01:49:00,0.0,0.0
2023-01-29 01:50:00,0.0,0.0
2023-01-29 01:51:00,0.0,0.0
2023-01-29 01:52:00,0.0,0.0
2023-01-29 01:53:00,0.0,0.0
2023-01-29 01:54:00,0.0,0.0
2023-01-29 01:55:00,-0.0,-0.0
2023-01-29 01:56:00,0.0,0.0
2023-01-29 01:57:00,0.0,0.0
2023-01-29 01:58:00,0.0,0.0
2023-01-29 01:59:00,0.0,0.0
2023-01-29 02:00:00,0.0,0.0
2023-01-29 02:01:00,0.0,0.0
2023-01-29 02:02:00,0.0,0.0
2023-01-29 02:03:00,0.0,0.0
2023-01-29 02:04:00,0.0,0.0
2023-01-29 02:05:00,-0.0,-0.0
2023-01-29 02:06:00,0.0,0.0
2023-01-29 02:07:00,0.0,0.0
2023-01-29 02:08:00,0.0,0.0
2023-01-29 02:09:00,0.0,0.0
2023-01-29 02:10:00,-0.0,-0.0
2023-01-29 02:11:00,0.0,0.0
2023-01-29 02:12:00,0.0,0.0
2023-01-29 02:13:00,0.0,0.0
2023-01-29 02:14:00,0.0,0.0
2023-01-29 02:15:00,0.0,0.0
2023-01-29 02:16:00,0.0,0.0
2023-01-29 02:17:00,0.0,0.0
2023-01-29 02:18:00,-0.0,-0.0
2023-01-29 02:19:00,0.0,0.0
2023-01-29 02:20:00,0.0,0.0
2023-01-29 02:21:00,-0.0,-0.0
2023-01-29 02:22:00,-0.0,-0.0
2023-01-29 02:23:00,0.0,0.0
2023-01-29 02:24:00,0.0,0.0
2023-01-29 02:25:00,0.0,0.0
2023-01-29 02:26:00,0.0,0.0
2023-01-29 02:27:00,0.0,0.0
2023-01-29 02:28:00,-0.0,-0.0
2023-01-29 02:29:00,0.0,0.0
2023-01-29 02:30:00,0.0,0.0
2023-01-29 02:31:00,0.0,0.0
2023-01-29 02:32:00,0.0,0.0
2023-01-29 02:33:00,0.0,0.0
2023-01-29 02:34:00,0.0,0.0
2023-01-29 02:35:00,0.0,0.0
2023-01-29 02:36:00,0.0,0.0
2023-01-29 02:37:00,0.0,0.0
2023-01-29 02:38:00,0.0,0.0
2023-01-29 02:39:00,0.0,0.0
2023-01-29 02:40:00,0.0,0.0
2023-01-29 02:41:00,0.0,0.0
2023-01-29 02:42:00,0.0,0.0
2023-01-29 02:43:00,0.0,0.0
2023-01-29 02:44:00,0.0,0.0
2023-01-29 02:45:00,0.0,0.0
2023-01-29 02:46:00,0.0,0.0
2023-01-29 02:47:00,0.0,0.0
2023-01-29 02:48:00,0.0,0.0
2023-01-29 02:49:00,0.0,0.0
2023-01-29 02:50:00,0.0,0.0
2023-01-29 02:51:00,-0.0,-0.0
2023-01-29 02:52:00,0.0,0.0
2023-01-29 02:53:00,0.0,0.0
2023-01-29 02:54:00,0.0,0.0
2023-01-29 02:55:00,0.0,0.0
2023-01-29 02:56:00,0.0,0.0
2023-01-29 02:57:00,0.0,0.0
2023-01-29 02:58:00,0.0,0.0
2023-01-29 02:59:00,0.0,0.0
2023-01-29 03:00:00,0.0,0.0
2023-01-29 03:01:00,0.0,0.0
2023-01-29 03:02:00,0.0,0.0
2023-01-29 03:03:00,-0.0,-0.0
2023-01-29 03:04:00,0.0,0.0
2023-01-29 03:05:00,0.0,0.0
2023-01-29 03:06:00,0.0,0.0
2023-01-29 03:07:00,0.0,0.0
2023-01-29 03:08:00,0.0,0.0
2023-01-29 03:09:00,0.0,0.0
2023-01-29 03:10:00,0.0,0.0
2023-01-29 03:11:00,0.0,0.0
2023-01-29 03:12:00,0.0,0.0
2023-01-29 03:13:00,0.0,0.0
2023-01-29 03:14:00,0.0,0.0
2023-01-29 03:15:00,-0.0,-0.0
2023-01-29 03:16:00,0.0,0.0
2023-01-29 03:17:00,0.0,0.0
2023-01-29 03:18:00,0.0,0.0
2023-01-29 03:19:00,-0.0,-0.0
2023-01-29 03:20:00,0.0,0.0
2023-01-29 03:21:00,0.0,0.0
2023-01-29 03:22:00,0.0,0.0
2023-01-29 03:23:00,0.0,0.0
2023-01-29 03:24:00,-0.0,-0.0
2023-01-29 03:25:00,0.0,0.0
2023-01-29 03:26:00,0.0,0.0
2023-01-29 03:27:00,0.0,0.0
2023-01-29 03:28:00,-0.0,-0.0
2023-01-29 03:29:00,0.0,0.0
2023-01-29 03:30:00,0.0,0.0
2023-01-29 03:31:00,0.0,0.0
2023-01-29 03:32:00,-0.0,-0.0
2023-01-29 03:33:00,0.0,0.0
2023-01-29 03:34:00,0.0,0.0
2023-01-29 03:35:00,0.0,0.0
2023-01-29 03:36:00,0.0,0.0
2023-01-29 03:37:00,0.0,0.0
2023-01-29 03:38:00,0.0,0.0
2023-01-29 03:39:00,0.0,0.0
2023-01-29 03:40:00,0.0,0.0
2023-01-29 03:41:00,-0.0,-0.0
2023-01-29 03:42:00,-0.0,-0.0
2023-01-29 03:43:00,0.0,0.0
2023-01-29 03:44:00,0.0,0.0
2023-01-29 03:45:00,0.0,0.0
2023-01-29 03:46:00,0.0,0.0
2023-01-29 03:47:00,0.0,0.0
2023-01-29 03:48:00,0.0,0.0
2023-01-29 03:49:00,0.0,0.0
2023-01-29 03:50:00,0.0,0.0
2023-01-29 03:51:00,0.0,0.0
2023-01-29 03:52:00,0.0,0.0
2023-01-29 03:53:00,0.0,0.0
2023-01-29 03:54:00,-0.0,-0.0
2023-01-29 03:55:00,0.0,0.0
2023-01-29 03:56:00,0.0,0.0
2023-01-29 03:57:00,0.0,0.0
2023-01-29 03:58:00,0.0,0.0
2023-01-29 03:59:00,0.0,0.0
2023-01-29 04:00:00,0.0,0.0
2023-01-29 04:01:00,0.0,0.0
2023-01-29 04:02:00,0.0,0.0
2023-01-29 04:03:00,0.0,0.0
2023-01-29 04:04:00,0.0,0.0
2023-01-29 04:05:00,0.0,0.0
2023-01-29 04:06:00,0.0,0.0
2023-01-29 04:07:00,0.0,0.0
2023-01-29 04:08:00,0.0,0.0
2023-01-29 04:09:00,0.0,0.0
2023-01-29 04:10:00,0.0,0.0
2023-01-29 04:11:00,0.0,0.0
2023-01-29 04:12:00,0.0,0.0
2023-01-29 04:13:00,0.0,0.0
2023-01-29 04:14:00,0.0,0.0
2023-01-29 04:15:00,-0.0,-0.0
2023-01-29 04:16:00,-0.0,-0.0
2023-01-29 04:17:00,0.0,0.0
2023-01-29 04:18:00,-0.0,-0.0
2023-01-29 04:19:00,0.0,0.0
2023-01-29 04:20:00,0.0,0.0
2023-01-29 04:21:00,0.0,0.0
2023-01-29 04:22:00,0.0,0.0
2023-01-29 04:23:00,0.0,0.0
2023-01-29 04:24:00,0.0,0.0
2023-01-29 04:25:00,0.0,0.0
2023-01-29 04:26:00,0.0,0.0
2023-01-29 04:27:00,-0.0,-0.0
2023-01-29 04:28:00,0.0,0.0
2023-01-29 04:29:00,0.0,0.0
2023-01-29 04:30:00,0.0,0.0
2023-01-29 04:31:00,0.0,0.0
2023-01-29 04:32:00,0.0,0.0
2023-01-29 04:33:00,0.0,0.0
2023-01-29 04:34:00,0.0,0.0
2023-01-29 04:35:00,0.0,0.0
2023-01-29 04:36:00,0.0,0.0
2023-01-29 04:37:00,0.0,0.0
2023-01-29 04:38:00,0.0,0.0
2023-01-29 04:39:00,0.0,0.0
2023-01-29 04:40:00,0.0,0.0
2023-01-29 04:41:00,0.0,0.0
2023-01-29 04:42:00,0.0,0.0
2023-01-29 04:43:00,0.0,0.0
2023-01-29 04:44:00,0.0,0.0
2023-01-29 04:45:00,0.0,0.0
2023-01-29 04:46:00,0.0,0.0
2023-01-29 04:47:00,0.0,0.0
2023-01-29 04:48:00,0.0,0.0
2023-01-29 04:49:00,0.0,0.0
2023-01-29 04:50:00,0.0,0.0
2023-01-29 04:51:00,0.0,0.0
2023-01-29 04:52:00,0.0,0.0
2023-01-29 04:53:00,-0.0,-0.0
2023-01-29 04:54:00,0.0,0.0
2023-01-29 04:55:00,0.0,0.0
2023-01-29 04:56:00,0.0,0.0
2023-01-29 04:57:00,0.0,0.0
2023-01-29 04:58:00,0.0,0.0
2023-01-29 04:59:00,0.0,0.0
2023-01-29 05:00:00,0.0,0.0
2023-01-29 05:01:00,-0.0,-0.0
2023-01-29 05:02:00,0.0,0.0
2023-01-29 05:03:00,0.0,0.0
2023-01-29 05:04:00,0.0,0.0
2023-01-29 05:05:00,-0.0,-0.0
2023-01-29 05:06:00,-0.0,-0.0
2023-01-29 05:07:00,-0.0,-0.0
2023-01-29 05:08:00,0.0,0.0
2023-01-29 05:09:00,0.0,0.0
2023-01-29 05:10:00,0.0,0.0
2023-01-29 05:11:00,0.0,0.0
2023-01-29 05:12:00,0.0,0.0
2023-01-29 05:13:00,0.0,0.0
2023-01-29 05:14:00,0.0,0.0
2023-01-29 05:15:00,0.0,0.0
2023-01-29 05:16:00,0.0,0.0
2023-01-29 05:17:00,0.0,0.0
2023-01-29 05:18:00,0.0,0.0
2023-01-29 05:19:00,0.0,0.0
2023-01-29 05:20:00,0.0,0.0
2023-01-29 05:21:00,0.0,0.0
2023-01-29 05:22:00,0.0,0.0
2023-01-29 05:23:00,0.0,0.0
2023-01-29 05:24:00,0.0,0.0
2023-01-29 05:25:00,0.0,0.0
2023-01-29 05:26:00,0.0,0.0
2023-01-29 05:27:00,0.0,0.0
2023-01-29 05:28:00,0.0,0.0
2023-01-29 05:29:00,-0.0,-0.0
2023-01-29 05:30:00,0.0,0.0
2023-01-29 05:31:00,0.0,0.0
2023-01-29 05:32:00,0.0,0.0
2023-01-29 05:33:00,0.0,0.0
2023-01-29 05:34:00,0.0,0.0
2023-01-29 05:35:00,0.0,0.0
2023-01-29 05:36:00,0.0,0.0
2023-01-29 05:37:00,0.0,0.0
2023-01-29 05:38:00,-0.0,-0.0
2023-01-29 05:39:00,0.0,0.0
2023-01-29 05:40:00,0.0,0.0
2023-01-29 05:41:00,-0.0,-0.0
2023-01-29 05:42:00,0.0,0.0
2023-01-29 05:43:00,0.0,0.0
2023-01-29 05:44:00,-0.0,-0.0
2023-01-29 05:45:00,-0.0,-0.0
2023-01-29 05:46:00,-0.0,-0.0
2023-01-29 05:47:00,-0.0,-0.0
2023-01-29 05:48:00,-0.0,-0.0
2023-01-29 05:49:00,0.0,0.0
2023-01-29 05:50:00,0.0,0.0
2023-01-29 05:51:00,0.0,0.0
2023-01-29 05:52:00,-0.0,-0.0
2023-01-29 05:53:00,0.0,0.0
2023-01-29 05:54:00,-0.0,-0.0
2023-01-29 05:55:00,0.0,0.0
2023-01-29 05:56:00,-0.0,-0.0
2023-01-29 05:57:00,0.0,0.0
2023-01-29 05:58:00,0.0,0.0
2023-01-29 05:59:00,0.0,0.0
2023-01-29 06:00:00,0.0,0.0
2023-01-29 06:01:00,-0.0,-0.0
2023-01-29 06:02:00,0.0,0.0
2023-01-29 06:03:00,0.0,0.0
2023-01-29 06:04:00,0.0,0.0
2023-01-29 06:05:00,0.0,0.0
2023-01-29 06:06:00,-0.0,-0.0
2023-01-29 06:07:00,0.0,0.0
2023-01-29 06:08:00,0.0,0.0
2023-01-29 06:09:00,0.0,0.0
2023-01-29 06:10:00,0.0,0.0
2023-01-29 06:11:00,0.0,0.0
2023-01-29 06:12:00,0.0,0.0
2023-01-29 06:13:00,0.0,0.0
2023-01-29 06:14:00,-0.0,-0.0
2023-01-29 06:15:00,-0.0,-0.0
2023-01-29 06:16:00,0.0,0.0
2023-01-29 06:17:00,0.0,0.0
2023-01-29 06:18:00,0.0,0.0
2023-01-29 06:19:00,-0.0,-0.0
2023-01-29 06:20:00,0.0,0.0
2023-01-29 06:21:00,0.0,0.0
2023-01-29 06:22:00,0.0,0.0
2023-01-29 06:23:00,0.0,0.0
2023-01-29 06:24:00,0.0,0.0
2023-01-29 06:25:00,0.0,0.0
2023-01-29 06:26:00,0.0,0.0
2023-01-29 06:27:00,-0.0,-0.0
2023-01-29 06:28:00,0.0,0.0
2023-01-29 06:29:00,0.0,0.0
2023-01-29 06:30:00,-0.0,-0.0
2023-01-29 06:31:00,0.0,0.0
2023-01-29 06:32:00,-0.0,-0.0
2023-01-29 06:33:00,0.0,0.0
2023-01-29 06:34:00,0.0,0.0
2023-01-29 06:35:00,0.0,0.0
2023-01-29 06:36:00,-0.0,-0.0
2023-01-29 06:37:00,0.0,0.0
2023-01-29 06:38:00,0.0,0.0
2023-01-29 06:39:00,0.0,0.0
2023-01-29 06:40:00,-0.0,-0.0
2023-01-29 06:41:00,0.0,0.0
2023-01-29 06:42:00,-0.0,-0.0
2023-01-29 06:43:00,0.0,0.0
2023-01-29 06:44:00,0.0,0.0
2023-01-29 06:45:00,0.0,0.0
2023-01-29 06:46:00,-0.0,-0.0
2023-01-29 06:47:00,0.0,0.0
2023-01-29 06:48:00,-0.0,-0.0
2023-01-29 06:49:00,0.0,0.0
2023-01-29 06:50:00,0.0,0.0
2023-01-29 06:51:00,0.0,0.0
2023-01-29 06:52:00,0.0,0.0
2023-01-29 06:53:00,0.0,0.0
2023-01-29 06:54:00,-0.0,-0.0
2023-01-29 06:55:00,0.0,0.0
2023-01-29 06:56:00,0.0,0.0
2023-01-29 06:57:00,0.0,0.0
2023-01-29 06:58:00,0.0,0.0
2023-01-29 06:59:00,0.0,0.0
2023-01-29 07:00:00,-0.0,-0.0
2023-01-29 07:01:00,0.0,0.0
2023-01-29 07:02:00,0.0,0.0
2023-01-29 07:03:00,0.0,0.0
2023-01-29 07:04:00,0.0,0.0
2023-01-29 07:05:00,-0.0,-0.0
2023-01-29 07:06:00,0.0,0.0
2023-01-29 07:07:00,0.0,0.0
2023-01-29 07:08:00,0.0,0.0
2023-01-29 07:09:00,-0.0,-0.0
2023-01-29 07:10:00,-0.0,-0.0
2023-01-29 07:11:00,0.0,0.0
2023-01-29 07:12:00,0.0,0.0
2023-01-29 07:13:00,0.0,0.0
2023-01-29 07:14:00,0.0,0.0
2023-01-29 07:15:00,0.0,0.0
2023-01-29 07:16:00,0.0,0.0
2023-01-29 07:17:00,0.0,0.0
2023-01-29 07:18:00,0.0,0.0
2023-01-29 07:19:00,0.0,0.0
2023-01-29 07:20:00,-0.0,-0.0
2023-01-29 07:21:00,0.0,0.0
2023-01-29 07:22:00,0.0,0.0
2023-01-29 07:23:00,0.0,0.0
2023-01-29 07:24:00,0.0,0.0
2023-01-29 07:25:00,0.0,0.0
2023-01-29 07:26:00,0.0,0.0
2023-01-29 07:27:00,-0.0,-0.0
2023-01-29 07:28:00,-0.0,-0.0
2023-01-29 07:29:00,-0.0,-0.0
2023-01-29 07:30:00,0.0,0.0
2023-01-29 07:31:00,0.0,0.0
2023-01-29 07:32:00,0.0,0.0
2023-01-29 07:33:00,0.0,0.0
2023-01-29 07:34:00,0.0,0.0
2023-01-29 07:35:00,0.0,0.0
2023-01-29 07:36:00,-0.0,-0.0
2023-01-29 07:37:00,-0.0,-0.0
2023-01-29 07:38:00,-0.0,-0.0
2023-01-29 07:39:00,-0.0,-0.0
2023-01-29 07:40:00,0.0,0.0
2023-01-29 07:41:00,0.0,0.0
2023-01-29 07:42:00,0.0,0.0
2023-01-29 07:43:00,0.0,0.0
2023-01-29 07:44:00,0.0,0.0
2023-01-29 07:45:00,0.0,0.0
2023-01-29 07:46:00,-0.0,-0.0
2023-01-29 07:47:00,0.0,0.0
2023-01-29 07:48:00,0.0,0.0
2023-01-29 07:49:00,0.0,0.0
2023-01-29 07:50:00,0.0,0.0
2023-01-29 07:51:00,0.0,0.0
2023-01-29 07:52:00,0.0,0.0
2023-01-29 07:53:00,0.0,0.0
2023-01-29 07:54:00,0.0,0.0
2023-01-29 07:55:00,-0.0,-0.0
2023-01-29 07:56:00,0.0,0.0
2023-01-29 07:57:00,0.0,0.0
2023-01-29 07:58:00,0.0,0.0
2023-01-29 07:59:00,0.0,0.0
2023-01-29 08:00:00,0.0,0.0
2023-01-29 08:01:00,0.0,0.0
2023-01-29 08:02:00,-0.0,-0.0
2023-01-29 08:03:00,0.0,0.0
2023-01-29 08:04:00,0.0,0.0
2023-01-29 08:05:00,0.0,0.0
2023-01-29 08:06:00,0.0,0.0
2023-01-29 08:07:00,0.0,0.0
2023-01-29 08:08:00,-0.0,-0.0
2023-01-29 08:09:00,0.0,0.0
2023-01-29 08:10:00,0.0,0.0
2023-01-29 08:11:00,0.0,0.0
2023-01-29 08:12:00,0.0,0.0
2023-01-29 08:13:00,-0.0,-0.0
2023-01-29 08:14:00,0.0,0.0
2023-01-29 08:15:00,2.1083156437125132,4.215125950055416
2023-01-29 08:16:00,4.029858943996766,8.054374295033792
2023-01-29 08:17:00,6.167005848465167,12.321727021280191
2023-01-29 08:18:00,8.473550606714994,16.924222626791856
2023-01-29 08:19:00,10.866042582928177,21.694858103967242
2023-01-29 08:20:00,13.34042080306007,26.62521205137138
2023-01-29 08:21:00,15.974796595040177,31.870422098155334
2023-01-29 08:22:00,18.708042227491443,37.30821388349917
2023-01-29 08:23:00,21.53908785101086,42.936017722205044
2023-01-29 08:24:00,24.46717128541951,48.751866407392356
2023-01-29 08:25:00,27.491738255223765,54.75419541339897
2023-01-29 08:26:00,30.612381801237575,60.94172152034091
2023-01-29 08:27:00,33.80802653489454,67.2722254399292
2023-01-29 08:28:00,37.07822709751073,73.74444093551391
2023-01-29 08:29:00,40.44354457589421,80.39861202040076
2023-01-29 08:30:00,43.86191885749142,87.15117650237943
2023-01-29 08:31:00,47.396057132423756,94.1255361173371
2023-01-29 08:32:00,51.088336895623144,101.40452466740584
2023-01-29 08:33:00,54.833449822875785,108.77991376141672
2023-01-29 08:34:00,58.67349464538855,116.33416742620841
2023-01-29 08:35:00,62.587220485097475,124.02496407876566
2023-01-29 08:36:00,66.57450722337137,131.85161044997366
2023-01-29 08:37:00,70.61388900758597,139.7715783960575
2023-01-29 08:38:00,74.7265608535779,147.82602557112997
2023-01-29 08:39:00,78.91246290007362,156.01435825136795
2023-01-29 08:40:00,83.15004630037585,164.29401458370882
2023-01-29 08:41:00,87.46069212078598,172.7063547529209
2023-01-29 08:42:00,91.82279532053165,181.20879729884703
2023-01-29 08:43:00,96.2362256362658,189.8007411764176
2023-01-29 08:44:00,100.70086486179449,198.48160604432664
2023-01-29 08:45:00,105.21660895167678,207.25083634900113
2023-01-29 08:46:00,109.80508644119149,216.14999499844816
2023-01-29 08:47:00,114.40104104968505,225.05224477584352
2023-01-29 08:48:00,119.06956900411554,234.08339034881288
2023-01-29 08:49:00,123.76705644203975,243.1586999047405
2023-01-29 08:50:00,128.51520174024415,252.3198072759014
2023-01-29 08:51:00,133.31395062381975,261.5662371703543
2023-01-29 08:52:00,138.1413471881816,270.8553971280339
2023-01-29 08:53:00,142.99726327636733,280.18683570202825
2023-01-29 08:54:00,147.88158249583356,289.5601241322969
2023-01-29 08:55:00,152.8161821763957,299.01695182637525
2023-01-29 08:56:00,157.77902216963872,308.5147887896248
2023-01-29 08:57:00,162.7700028205723,318.0532365914096
2023-01-29 08:58:00,167.78903233007227,327.631911667057
2023-01-29 08:59:00,172.83602310427503,337.25043814677116
2023-01-29 09:00:00,178.02145654573192,347.1186974748263
2023-01-29 09:01:00,183.354246357131,357.25291422962476
2023-01-29 09:02:00,188.7157317745175,367.4265103132772
2023-01-29 09:03:00,194.12801968586874,377.68110962736944
2023-01-29 09:04:00,199.56889585192982,387.9743068076944
2023-01-29 09:05:00,205.0382906976095,398.3057432028507
2023-01-29 09:06:00,210.5361343875631,408.6750590378489
2023-01-29 09:07:00,216.0623655732833,419.08191038636977
2023-01-29 09:08:00,221.6169218586053,429.5259506325685
2023-01-29 09:09:00,227.19975000007054,440.00685023713663
2023-01-29 09:10:00,232.81079186492673,450.52426949899666
2023-01-29 09:11:00,238.4500005152052,461.0778896962245
2023-01-29 09:12:00,244.0949475587696,471.62561197620107
2023-01-29 09:13:00,249.76792765072355,482.2089546244611
2023-01-29 09:14:00,255.468897056476,492.82760400061846
2023-01-29 09:15:00,261.1978182263512,503.4812576436595
2023-01-29 09:16:00,266.9321982035351,514.1279635362972
2023-01-29 09:17:00,272.6719446088061,524.7675189335424
2023-01-29 09:18:00,278.43946358023123,535.4413159804933
2023-01-29 09:19:00,284.23472110733445,546.1490580355521
2023-01-29 09:20:00,290.0351654248483,556.8489553651215
2023-01-29 09:21:00,295.84071623120747,567.5408300179485
2023-01-29 09:22:00,301.65129969343167,578.2245169355501
2023-01-29 09:23:00,307.4894140761182,588.9412395470989
2023-01-29 09:24:00,313.3324494788166,599.6493751635696
2023-01-29 09:25:00,319.18033566719674,610.3487667155689
2023-01-29 09:26:00,325.0556295243965,621.0805407759692
2023-01-29 09:27:00,326.6582032206655,624.00732581556
2023-01-29 09:28:00,327.4013597327011,625.366063211835
2023-01-29 09:29:00,327.9636487280025,626.3948268153458
2023-01-29 09:30:00,328.3902543169641,627.1761272072539
2023-01-29 09:31:00,328.63582149653183,627.6273773507905
2023-01-29 09:32:00,328.70026846938833,627.7484857201531
2023-01-29 09:33:00,328.6061741604059,627.5806151720714
2023-01-29 09:34:00,328.330827996259,627.0823316983351
2023-01-29 09:35:00,327.8741810483595,626.2534565179707
2023-01-29 09:36:00,327.25883618801635,625.1350650277279
2023-01-29 09:37:00,326.462110648402,623.6856217429118
2023-01-29 09:38:00,325.50663002156045,621.9461689954555
2023-01-29 09:39:00,324.36972449937986,619.875084694458
2023-01-29 09:40:00,323.05138122412,617.4720107358711
2023-01-29 09:41:00,321.55160449678795,614.7365695480783
2023-01-29 09:42:00,324.4705265195008,620.0696655892964
2023-01-29 09:43:00,328.071248673026,626.6416745228761
2023-01-29 09:44:00,331.651393459668,633.1696046123774
2023-01-29 09:45:00,335.21092152102034,639.6535029774693
2023-01-29 09:46:00,338.7270763559305,646.052120371208
2023-01-29 09:47:00,342.19978612478496,652.3655658708566
2023-01-29 09:48:00,345.651707759494,658.6351813152228
2023-01-29 09:49:00,349.0827999068205,664.861006205731
2023-01-29 09:50:00,352.4702770804817,671.001896121438
2023-01-29 09:51:00,355.8140689995685,677.057954683277
2023-01-29 09:52:00,359.13688031488385,683.0704453475422
2023-01-29 09:53:00,362.41589274852424,688.9982765174309
2023-01-29 09:54:00,365.6510485242732,694.841568395997
2023-01-29 09:55:00,368.8650746381363,700.6415037515574
2023-01-29 09:56:00,372.0579372992119,706.3981291467788
2023-01-29 09:57:00,376.2332601008266,713.9169079052024
2023-01-29 09:58:00,380.57076448279446,721.7182034728162
2023-01-29 09:59:00,384.9108267151031,729.514561478254
2023-01-29 10:00:00,389.230586318659,737.2650073813511
2023-01-29 10:01:00,393.5438753330679,744.9935106727602
2023-01-29 10:02:00,397.8365878454592,752.6757929497568
2023-01-29 10:03:00,402.1315513538617,760.3527500891898
2023-01-29 10:04:00,406.4058685282116,767.9835441342874
2023-01-29 10:05:00,410.65949483961,775.5682366781286
2023-01-29 10:06:00,414.91528569665616,783.1476227690101
2023-01-29 10:07:00,419.15031848964884,790.6809692956887
2023-01-29 10:08:00,423.3645518344097,798.168342844309
2023-01-29 10:09:00,427.58087235374114,805.6504451741532
2023-01-29 10:10:00,431.7763275314724,813.0866379010663
2023-01-29 10:11:00,435.95087978366763,820.4769937880538
2023-01-29 10:12:00,441.38999289751223,830.0912623428484
2023-01-29 10:13:00,447.0158981534446,840.0197593648048
2023-01-29 10:14:00,452.6679768202984,849.9782814192889
2023-01-29 10:15:00,458.3462339224795,859.9666212422451
2023-01-29 10:16:00,464.0046748133814,869.9039002185823
2023-01-29 10:17:00,469.68925508130997,879.8707603008382
2023-01-29 10:18:00,475.37696604624045,889.8267678621986
2023-01-29 10:19:00,481.0908035182406,899.8120330867695
2023-01-29 10:20:00,486.8077337437261,909.7862110544422
2023-01-29 10:21:00,492.52772813794957,919.749234691176
2023-01-29 10:22:00,498.2507684872891,929.7010564434873
2023-01-29 10:23:00,503.9768224499556,939.6416025241094
2023-01-29 10:24:00,509.72894731008114,949.6107564281564
2023-01-29 10:25:00,515.4840564818378,959.5684163003762
2023-01-29 10:26:00,521.2190355141997,969.4747031229087
2023-01-29 10:27:00,525.1546092958989,976.265569608732
2023-01-29 10:28:00,528.7682204719524,982.4947126309663
2023-01-29 10:29:00,532.3601235022439,988.6800564039213
2023-01-29 10:30:00,535.9071720533599,994.7819753814257
2023-01-29 10:31:00,539.4324489411117,1000.8403096024832
2023-01-29 10:32:00,542.935929106161,1006.8551348339278
2023-01-29 10:33:00,546.417593778649,1012.826537805853
2023-01-29 10:34:00,549.8542643046302,1018.7149954771884
2023-01-29 10:35:00,553.2690550278784,1024.560234172276
2023-01-29 10:36:00,556.6619417710715,1030.362327712233
2023-01-29 10:37:00,560.0097369792575,1036.081854521642
2023-01-29 10:38:00,563.3587493903897,1041.7979276151707
2023-01-29 10:39:00,566.6394265300388,1047.3921819020666
2023-01-29 10:40:00,569.921275374953,1052.983128855111
2023-01-29 10:41:00,573.2042964326203,1058.5707664799058
2023-01-29 10:42:00,574.400545110552,1060.6110769281004
2023-01-29 10:43:00,575.2258612424265,1062.0211003843322
2023-01-29 10:44:00,575.9817451627964,1063.3129879640965
2023-01-29 10:45:00,576.6913797492588,1064.5261517067518
2023-01-29 10:46:00,577.331533319378,1065.6212242549082
2023-01-29 10:47:00,577.9253874523009,1066.6375886943651
2023-01-29 10:48:00,578.4497149836592,1067.535890398923
2023-01-29 10:49:00,578.9277045145166,1068.3555016219068
2023-01-29 10:50:00,579.33611703401,1069.0570474684973
2023-01-29 10:51:00,579.698147890214,1069.679891620347
2023-01-29 10:52:00,579.9905602414553,1070.1846619840876
2023-01-29 10:53:00,580.2597867752763,1070.6500982943714
2023-01-29 10:54:00,580.4361201830247,1070.9580418607375
2023-01-29 10:55:00,580.589232737504,1071.226614468521
2023-01-29 10:56:00,580.6494093759391,1071.337644458445
2023-01-29 10:57:00,580.9884720104469,1071.9214069053864
2023-01-29 10:58:00,581.3043477911185,1072.4658303702683
2023-01-29 10:59:00,581.5737772939625,1072.9315039589765
2023-01-29 11:00:00,581.7735032632891,1073.2790297602462
2023-01-29 11:01:00,581.9559289488956,1073.598117284212
2023-01-29 11:02:00,582.0686058917992,1073.7990000119794
2023-01-29 11:03:00,582.1347749010123,1073.9210684678378
2023-01-29 11:04:00,582.1544163486311,1073.9642888241183
2023-01-29 11:05:00,582.1042487832399,1073.8892023252722
2023-01-29 11:06:00,582.0307852555377,1073.7746269790953
2023-01-29 11:07:00,581.8874803728542,1073.54166916429
2023-01-29 11:08:00,581.6975768612634,1073.2297025187236
2023-01-29 11:09:00,581.4610699894473,1072.8387022497095
2023-01-29 11:10:00,581.1779392431055,1072.3686110855656
2023-01-29 11:11:00,580.8248919565748,1071.7799100304926
2023-01-29 11:12:00,581.6124663573133,1073.1250191013496
2023-01-29 11:13:00,582.5399306813308,1074.7069466764826
2023-01-29 11:14:00,583.4210423524366,1076.2099594595916
2023-01-29 11:15:00,584.2557850652149,1077.634088298246
2023-01-29 11:16:00,585.067430640002,1079.0187999018528
2023-01-29 11:17:00,585.8326703814541,1080.3246541277135
2023-01-29 11:18:00,586.5747851626622,1081.5911121092845
2023-01-29 11:19:00,587.2704597550709,1082.7787356324925
2023-01-29 11:20:00,587.9196716285563,1083.8875307750632
2023-01-29 11:21:00,588.5457181873328,1084.9569583753114
2023-01-29 11:22:00,589.1252712918192,1085.9475733281788
2023-01-29 11:23:00,589.6816254000705,1086.8988132109084
2023-01-29 11:24:00,590.1681361274614,1087.7318096788904
2023-01-29 11:25:00,590.654744383214,1088.564880803376
2023-01-29 11:26:00,591.0947931079272,1089.3191367019094
2023-01-29 11:27:00,594.0780908876037,1094.371449879145
2023-01-29 11:28:00,597.4825401119818,1100.1302615272295
2023-01-29 11:29:00,600.8648997290107,1105.846182218865
2023-01-29 11:30:00,604.2251573825113,1111.5193065674052
2023-01-29 11:31:00,607.5866431941005,1117.1890036135746
2023-01-29 11:32:00,610.9026231249201,1122.7767092360443
2023-01-29 11:33:00,614.2198043270928,1128.3610906163465
2023-01-29 11:34:00,617.5148071064315,1133.9029193418853
2023-01-29 11:35:00,620.7876052587159,1139.4022617183207
2023-01-29 11:36:00,624.0381837312516,1144.8592037969868
2023-01-29 11:37:00,627.2665204072722,1150.2738179246107
2023-01-29 11:38:00,630.472595206717,1155.6461794523889
2023-01-29 11:39:00,633.6563882606414,1160.9763633817115
2023-01-29 11:40:00,636.8412900309186,1166.303496467144
2023-01-29 11:41:00,639.9804645529083,1171.5495183714831
2023-01-29 11:42:00,645.2287375489373,1180.3014441085697
2023-01-29 11:43:00,650.8073060943277,1189.5885473614142
2023-01-29 11:44:00,656.3648979589708,1198.8255442559378
2023-01-29 11:45:00,661.9249312549174,1208.051391186237
2023-01-29 11:46:00,667.4639349877258,1217.2272796797158
2023-01-29 11:47:00,673.0053291645802,1226.3920371341062
2023-01-29 11:48:00,678.5256425522291,1235.5069867540774
2023-01-29 11:49:00,684.0248361014352,1244.5722448891836
2023-01-29 11:50:00,689.5028731878756,1253.5879317543693
2023-01-29 11:51:00,694.9832174809416,1262.592690794846
2023-01-29 11:52:00,700.4658552207524,1271.5864874798615
2023-01-29 11:53:00,705.9037589809344,1280.4924771011993
2023-01-29 11:54:00,711.3439113495945,1289.387664463566
2023-01-29 11:55:00,716.7392542896101,1298.195407810565
2023-01-29 11:56:00,722.136788084855,1306.9924842076264
2023-01-29 11:57:00,723.8889055594292,1309.8552579426203
2023-01-29 11:58:00,725.0060416087373,1311.6852805147773
2023-01-29 11:59:00,726.0999045914638,1313.4769702109193
2023-01-29 12:00:00,726.9115229739547,1314.8099401174163
2023-01-29 12:01:00,727.4500641770657,1315.6923742729512
2023-01-29 12:02:00,727.9180358045057,1316.4601494574513
2023-01-29 12:03:00,728.3860633222445,1317.2279246332132
2023-01-29 12:04:00,728.8070487000246,1317.9192775334232
2023-01-29 12:05:00,729.1809835378752,1318.5342216725276
2023-01-29 12:06:00,729.5314034921175,1319.1109616011142
2023-01-29 12:07:00,729.8347558097333,1319.6113026405558
2023-01-29 12:08:00,730.1381419485858,1320.1116647873016
2023-01-29 12:09:00,730.3708869488403,1320.4974169275383
2023-01-29 12:10:00,730.5800898816165,1320.8449677005697
2023-01-29 12:11:00,730.7657567174856,1321.154334632569
2023-01-29 12:12:00,731.5169331474616,1322.3807164570617
2023-01-29 12:13:00,732.3153394842695,1323.6834102086807
2023-01-29 12:14:00,733.0902859932579,1324.9477960287709
2023-01-29 12:15:00,733.8417729981101,1326.1739015419025
2023-01-29 12:16:00,734.5462195261025,1327.3235495912284
2023-01-29 12:17:00,735.2036115330276,1328.3967638695588
2023-01-29 12:18:00,735.8610927346978,1329.46993418848
2023-01-29 12:19:00,736.4479303892306,1330.4285357488038
2023-01-29 12:20:00,737.0348428719905,1331.3871105123924
2023-01-29 12:21:00,737.5510834268922,1332.2311464831612
2023-01-29 12:22:00,738.0673919909207,1333.0751813922411
2023-01-29 12:23:00,738.5365968550968,1333.84288318931
2023-01-29 12:24:00,738.958684395948,1334.5342594238127
2023-01-29 12:25:00,739.3572312436919,1335.1874793294335
2023-01-29 12:26:00,739.7086498490752,1335.7644004801602
2023-01-29 12:27:00,740.2252388070887,1336.6084287587062
2023-01-29 12:28:00,740.7182981913821,1337.4142933556247
2023-01-29 12:29:00,741.187822578784,1338.182001401801
2023-01-29 12:30:00,741.6102105855861,1338.8734097827935
2023-01-29 12:31:00,741.9854517126329,1339.488528325975
2023-01-29 12:32:00,742.3371350891083,1340.0655115885882
2023-01-29 12:33:00,742.6652556316724,1340.6043622373782
2023-01-29 12:34:00,742.9462055789157,1341.0669355195112
2023-01-29 12:35:00,743.2035816156884,1341.491383259297
2023-01-29 12:36:00,743.4137664157879,1341.8395459675048
2023-01-29 12:37:00,743.5767570179067,1342.1114318119005
2023-01-29 12:38:00,743.7161531399056,1342.3451842606657
2023-01-29 12:39:00,743.8319472973953,1342.5407940131743
2023-01-29 12:40:00,743.8769066558871,1342.6219410693973
2023-01-29 12:41:00,743.921869181301,1342.703093841592
2023-01-29 12:42:00,743.0458626770209,1341.295864185896
2023-01-29 12:43:00,741.9808498746876,1339.5826140956592
2023-01-29 12:44:00,740.8921191191823,1337.8303812777458
2023-01-29 12:45:00,739.7796775120951,1336.0391384681336
2023-01-29 12:46:00,738.6199028523805,1334.1706077620606
2023-01-29 12:47:00,737.4364047518184,1332.2629329343017
2023-01-29 12:48:00,736.2055732666787,1330.2778261473459
2023-01-29 12:49:00,734.9510192547214,1328.2534586664417
2023-01-29 12:50:00,733.6491242582377,1326.1514935004332
2023-01-29 12:51:00,732.323498167829,1324.010127100512
2023-01-29 12:52:00,730.9741508183394,1321.829328614613
2023-01-29 12:53:00,729.5774580421584,1319.5706976567749
2023-01-29 12:54:00,728.1570347721204,1317.2724837545043
2023-01-29 12:55:00,726.6892608667328,1314.8962560471357
2023-01-29 12:56:00,725.1977613290921,1312.480313199663
2023-01-29 12:57:00,724.7690677659192,1311.7914255885191
2023-01-29 12:58:00,724.4584310575156,1311.294391800759
2023-01-29 12:59:00,724.1241294365054,1310.7588104169015
2023-01-29 13:00:00,723.7425352233573,1310.14623947766
2023-01-29 13:01:00,723.3284185850462,1309.4790492422756
2023-01-29 13:02:00,722.8670110249691,1308.7348203864642
2023-01-29 13:03:00,722.3583073457637,1307.9135090131574
2023-01-29 13:04:00,721.8259353938539,1307.053530773775
2023-01-29 13:05:00,721.2462596281697,1306.1163915008065
2023-01-29 13:06:00,720.619278958984,1305.1020462141523
2023-01-29 13:07:00,719.9686159741632,1304.0489154321308
2023-01-29 13:08:00,719.2942710256704,1302.9569757181982
2023-01-29 13:09:00,718.5489820933198,1301.7492037236134
2023-01-29 13:10:00,717.7800093180838,1300.502532082877
2023-01-29 13:11:00,716.9873456747987,1299.2169197300188
2023-01-29 13:12:00,715.0603298426689,1296.08117073567
2023-01-29 13:13:00,712.9442140101303,1292.6348767564832
2023-01-29 13:14:00,710.7807931646237,1289.109007084606
2023-01-29 13:15:00,708.5936959218038,1285.5420206404713
2023-01-29 13:16:00,706.3592993785529,1281.8952056378027
2023-01-29 13:17:00,704.1012353206823,1278.2070759690482
2023-01-29 13:18:00,701.8195103968446,1274.4775617392747
2023-01-29 13:19:00,699.5141225012304,1270.706576314345
2023-01-29 13:20:00,697.1614546215297,1266.8553032029683
2023-01-29 13:21:00,694.7851340442494,1262.9623522521513
2023-01-29 13:22:00,692.3615459469081,1258.9888504267656
2023-01-29 13:23:00,689.914309549579,1254.9734466713517
2023-01-29 13:24:00,687.4434424398983,1250.916084243955
2023-01-29 13:25:00,684.9489395551294,1246.8166643658394
2023-01-29 13:26:00,682.4071902183788,1242.6361971000592
2023-01-29 13:27:00,677.8580396677353,1235.1414026715324
2023-01-29 13:28:00,672.9550498594327,1227.0514329025928
2023-01-29 13:29:00,668.0288958626479,1218.91090848903
2023-01-29 13:30:00,663.1032061392045,1210.7588178831613
2023-01-29 13:31:00,658.1779898190139,1202.5951795217297
2023-01-29 13:32:00,653.2296601230425,1194.380788080814
2023-01-29 13:33:00,648.2818277413102,1186.1547773999978
2023-01-29 13:34:00,643.310916670935,1177.8778426096483
2023-01-29 13:35:00,638.3405336691669,1169.5892293667926
2023-01-29 13:36:00,633.3471061955851,1161.2495193748796
2023-01-29 13:37:00,628.35423743617,1152.8980713055103
2023-01-29 13:38:00,623.3619350862311,1144.534901429906
2023-01-29 13:39:00,618.3466436899579,1136.1204424770315
2023-01-29 13:40:00,613.3083832776681,1127.6545524464184
2023-01-29 13:41:00,608.2707465437863,1119.1768112298018
2023-01-29 13:42:00,604.8358913305387,1113.3903764637344
2023-01-29 13:43:00,601.6132649161347,1107.9562564266798
2023-01-29 13:44:00,598.390790487148,1102.5170797488556
2023-01-29 13:45:00,595.1213661157519,1096.9931653748267
2023-01-29 13:46:00,591.8285575081782,1091.4241853000517
2023-01-29 13:47:00,588.5359274881148,1085.8499632874266
2023-01-29 13:48:00,585.1963839900984,1080.190597351963
2023-01-29 13:49:00,581.833493938799,1074.4858772606347
2023-01-29 13:50:00,578.4708076563334,1068.7757225761497
2023-01-29 13:51:00,575.0612513844055,1062.9800209790237
2023-01-29 13:52:00,571.6519191247663,1057.1787601141955
2023-01-29 13:53:00,568.2192804538137,1051.331813519816
2023-01-29 13:54:00,564.7398189601847,1045.3989147143013
2023-01-29 13:55:00,561.2606147484258,1039.4602711202322
2023-01-29 13:56:00,557.7581427045972,1033.4756401987752
2023-01-29 13:57:00,551.9038125713433,1023.4559490704248
2023-01-29 13:58:00,545.6744181685141,1012.7749941672712
2023-01-29 13:59:00,539.4699126710561,1002.1171518981031
2023-01-29 14:00:00,533.2433003356928,991.4016780377174
2023-01-29 14:01:00,527.0498792350143,980.7217660834128
2023-01-29 14:02:00,520.8347812211305,969.9849881636719
2023-01-29 14:03:00,514.6684958498153,959.3132548282881
2023-01-29 14:04:00,508.4805978310792,948.5847927106175
2023-01-29 14:05:00,502.34153016217175,937.9218709657908
2023-01-29 14:06:00,496.1809137570671,927.2023575577285
2023-01-29 14:07:00,490.0691459428627,916.5488797847632
2023-01-29 14:08:00,483.9358914838785,905.8389446537876
2023-01-29 14:09:00,477.8515101355607,895.1955506517162
2023-01-29 14:10:00,471.7691357398038,884.5369362874447
2023-01-29 14:11:00,465.7122204659427,873.9043245821368
2023-01-29 14:12:00,460.61706690411734,864.9458069984177
2023-01-29 14:13:00,455.6871705795687,856.2653574979267
2023-01-29 14:14:00,450.7586515587276,847.5750152854223
2023-01-29 14:15:00,445.83152872783734,838.8748211281838
2023-01-29 14:16:00,440.905821914569,830.1648176617092
2023-01-29 14:17:00,435.9815547982459,821.4450548789094
2023-01-29 14:18:00,431.05874401064284,812.7155696052021
2023-01-29 14:19:00,426.1607779015235,804.017936271021
2023-01-29 14:20:00,421.26430256316655,795.310774509238
2023-01-29 14:21:00,416.36933961342766,786.5941307948575
2023-01-29 14:22:00,411.47591520584706,777.8680602862504
2023-01-29 14:23:00,406.6073773875627,769.1742965155236
2023-01-29 14:24:00,401.71709421842445,760.4295700665781
2023-01-29 14:25:00,396.85173315623877,751.7173466480137
2023-01-29 14:26:00,392.01129509226064,743.0378092826254
2023-01-29 14:27:00,377.1135892214036,716.2480688723195
2023-01-29 14:28:00,360.7920711412676,686.7684290015452
2023-01-29 14:29:00,344.67837687000355,657.5312204900922
2023-01-29 14:30:00,328.796094826852,628.5844829836999
2023-01-29 14:31:00,313.14556262109227,599.9342895274924
2023-01-29 14:32:00,297.7040447744605,571.5441333198003
2023-01-29 14:33:00,282.51819356022406,543.5051105528363
2023-01-29 14:34:00,267.542283399988,515.738049202756
2023-01-29 14:35:00,252.799914358278,488.2916297801021
2023-01-29 14:36:00,238.31457582564747,461.2149648868921
2023-01-29 14:37:00,224.04095176414728,434.42839984588386
2023-01-29 14:38:00,210.02555956267207,408.0242154825473
2023-01-29 14:39:00,196.24622791663379,381.9658081678193
2023-01-29 14:40:00,182.72656949185867,356.302923289843
2023-01-29 14:41:00,169.44472982317842,330.99909635741074
2023-01-29 14:42:00,178.73258357542676,348.7036959039861
2023-01-29 14:43:00,191.42991512077174,372.8350284464989
2023-01-29 14:44:00,203.85973588187613,396.3771237787564
2023-01-29 14:45:00,215.99549400799836,419.28526907647023
2023-01-29 14:46:00,227.8567617634183,441.6018985573046
2023-01-29 14:47:00,239.44071526705295,463.3268827889276
2023-01-29 14:48:00,250.72186614875324,484.41771181107697
2023-01-29 14:49:00,261.6978822630309,504.8754053983071
2023-01-29 14:50:00,272.3666731145103,524.7013221547946
2023-01-29 14:51:00,282.74943509667037,543.9397912660897
2023-01-29 14:52:00,292.821444909748,562.5498193881335
2023-01-29 14:53:00,302.58115636299715,580.5334169226717
2023-01-29 14:54:00,312.02716644836306,597.8927271530297
2023-01-29 14:55:00,321.1581896074558,614.6299740052322
2023-01-29 14:56:00,329.9730540495322,630.7474524923294
2023-01-29 14:57:00,330.4429407087238,631.605993327129
2023-01-29 14:58:00,329.47491656319437,629.8387473985312
2023-01-29 14:59:00,328.4141905375352,627.9016591725242
2023-01-29 15:00:00,327.3303459367891,625.92174216102
2023-01-29 15:01:00,326.14931354597854,623.7631713511923
2023-01-29 15:02:00,324.8988605688754,621.476937259683
2023-01-29 15:03:00,323.5558294858104,619.0205418556627
2023-01-29 15:04:00,322.09708305937147,616.3514500649247
2023-01-29 15:05:00,320.5690142350791,613.5543470712867
2023-01-29 15:06:00,318.9253168466668,610.544248064922
2023-01-29 15:07:00,317.18921099633,607.3634168921026
2023-01-29 15:08:00,315.3607488444215,604.011703704716
2023-01-29 15:09:00,313.41682126185594,600.4464535080336
2023-01-29 15:10:00,311.40380283995785,596.7524494962964
2023-01-29 15:11:00,309.2985930563869,592.8870498635546
2023-01-29 15:12:00,308.6518702274742,591.699215908358
2023-01-29 15:13:00,308.0977610984048,590.6813304047286
2023-01-29 15:14:00,307.427965662151,589.4506990979131
2023-01-29 15:15:00,306.57308164856033,587.879636199973
2023-01-29 15:16:00,305.602572244557,586.0956147432122
2023-01-29 15:17:00,304.447065522643,583.9708764733404
2023-01-29 15:18:00,303.1528886294819,581.5903285547794
2023-01-29 15:19:00,301.72009967128776,578.9538029336525
2023-01-29 15:20:00,300.1256343432185,576.0185247182968
2023-01-29 15:21:00,298.392695622862,572.8268449287732
2023-01-29 15:22:00,296.4982430284635,569.3359262632556
2023-01-29 15:23:00,294.4654903672096,565.5881123820297
2023-01-29 15:24:00,292.2714210603319,561.5404967403736
2023-01-29 15:25:00,289.93925616328096,557.2354161772344
2023-01-29 15:26:00,287.46910689809454,552.672581590504
2023-01-29 15:27:00,281.8832858740405,542.3428782550822
2023-01-29 15:28:00,275.81663202219573,531.1058870227715
2023-01-29 15:29:00,269.7311954114686,519.8151705491658
2023-01-29 15:30:00,263.67319095481247,508.556502975803
2023-01-29 15:31:00,257.61966772408465,497.28736652248415
2023-01-29 15:32:00,251.57074361417378,486.0080101637607
2023-01-29 15:33:00,245.52653666012367,474.7186838893226
2023-01-29 15:34:00,239.48717710387848,463.41966205486005
2023-01-29 15:35:00,233.47573629776485,452.15424738044993
2023-01-29 15:36:00,227.49229518051942,440.92283661134053
2023-01-29 15:37:00,221.49114045784754,429.63965461451437
2023-01-29 15:38:00,215.54112178568118,418.4342905449786
2023-01-29 15:39:00,209.57370023528674,407.17780815533536
2023-01-29 15:40:00,203.6576125873404,396.0000082193282
2023-01-29 15:41:00,197.74727856828918,384.81501761021934
2023-01-29 15:42:00,191.86566725527857,373.6664453376797
2023-01-29 15:43:00,186.01290300949492,362.55477304935835
2023-01-29 15:44:00,180.16637658991522,351.43721850208
2023-01-29 15:45:00,174.37172894024988,340.40081688108245
2023-01-29 15:46:00,168.6063425637896,329.40283934002446
2023-01-29 15:47:00,162.87037500112234,318.4438314614444
2023-01-29 15:48:00,157.1639902362779,307.5243513352273
2023-01-29 15:49:00,151.50997226147916,296.6883427821511
2023-01-29 15:50:00,145.88584718937278,285.89307828040256
2023-01-29 15:51:00,140.29181655368922,275.13918829056286
2023-01-29 15:52:00,134.75060876120483,264.47070779613637
2023-01-29 15:53:00,129.26235829137948,253.88833431556378
2023-01-29 15:54:00,123.82721122855025,243.39278515545874
2023-01-29 15:55:00,118.44532622779371,232.9847993778997
2023-01-29 15:56:00,113.09450644062449,222.6217859590988
2023-01-29 15:57:00,107.81972252121653,212.3912680817589
2023-01-29 15:58:00,102.59877592849271,202.25070981476725
2023-01-29 15:59:00,97.45414930869808,192.2442919918936
2023-01-29 16:00:00,92.36375810895275,182.32956832988086
2023-01-29 16:01:00,87.37273947270073,172.59506108149935
2023-01-29 16:02:00,82.43629045992259,162.95395869568094
2023-01-29 16:03:00,77.57681152758735,153.45050173489807
2023-01-29 16:04:00,72.79452110624605,144.0856897626059
2023-01-29 16:05:00,68.11163048092266,134.90366623290794
2023-01-29 16:06:00,63.506351732259,125.86234940923985
2023-01-29 16:07:00,58.97900868570848,116.96292353687168
2023-01-29 16:08:00,54.57353736481865,108.29245313450424
2023-01-29 16:09:00,50.24654864216028,99.76623071166307
2023-01-29 16:10:00,46.04181585570121,91.47118347688989
2023-01-29 16:11:00,41.937900841940184,83.3657529338407
2023-01-29 16:12:00,37.95670626786825,75.49391501806402
2023-01-29 16:13:00,34.07709976521504,67.81458715416994
2023-01-29 16:14:00,30.384899300529074,60.498522220103034
2023-01-29 16:15:00,26.879665380051,53.54595997631516
2023-01-29 16:16:00,23.47663345063623,46.78958781285462
2023-01-29 16:17:00,20.19780717430619,40.273700384508274
2023-01-29 16:18:00,17.023364499017898,33.95950127834283
2023-01-29 16:19:00,13.975866226128886,27.892446827726534
2023-01-29 16:20:00,11.057511656984829,22.077538349452478
2023-01-29 16:21:00,8.27175784436919,16.52227381459404
2023-01-29 16:22:00,5.624545030060339,11.23910086814729
2023-01-29 16:23:00,3.3025486530495387,6.60157018413762
2023-01-29 16:24:00,1.2039327146378354,2.4073742247280987
2023-01-29 16:25:00,-0.0,-0.0
2023-01-29 16:26:00,-0.0,-0.0
2023-01-29 16:27:00,-0.0,-0.0
2023-01-29 16:28:00,0.0,0.0
2023-01-29 16:29:00,0.0,0.0
2023-01-29 16:30:00,0.0,0.0
2023-01-29 16:31:00,0.0,0.0
2023-01-29 16:32:00,0.0,0.0
2023-01-29 16:33:00,0.0,0.0
2023-01-29 16:34:00,0.0,0.0
2023-01-29 16:35:00,0.0,0.0
2023-01-29 16:36:00,0.0,0.0
2023-01-29 16:37:00,0.0,0.0
2023-01-29 16:38:00,0.0,0.0
2023-01-29 16:39:00,0.0,0.0
2023-01-29 16:40:00,0.0,0.0
2023-01-29 16:41:00,0.0,0.0
2023-01-29 16:42:00,0.0,0.0
2023-01-29 16:43:00,0.0,0.0
2023-01-29 16:44:00,0.0,0.0
2023-01-29 16:45:00,0.0,0.0
2023-01-29 16:46:00,0.0,0.0
2023-01-29 16:47:00,-0.0,-0.0
2023-01-29 16:48:00,0.0,0.0
2023-01-29 16:49:00,0.0,0.0
2023-01-29 16:50:00,0.0,0.0
2023-01-29 16:51:00,-0.0,-0.0
2023-01-29 16:52:00,0.0,0.0
2023-01-29 16:53:00,0.0,0.0
2023-01-29 16:54:00,0.0,0.0
2023-01-29 16:55:00,0.0,0.0
2023-01-29 16:56:00,0.0,0.0
2023-01-29 16:57:00,0.0,0.0
2023-01-29 16:58:00,0.0,0.0
2023-01-29 16:59:00,0.0,0.0
2023-01-29 17:00:00,0.0,0.0
2023-01-29 17:01:00,0.0,0.0
2023-01-29 17:02:00,0.0,0.0
2023-01-29 17:03:00,0.0,0.0
2023-01-29 17:04:00,0.0,0.0
2023-01-29 17:05:00,0.0,0.0
2023-01-29 17:06:00,0.0,0.0
2023-01-29 17:07:00,0.0,0.0
2023-01-29 17:08:00,-0.0,-0.0
2023-01-29 17:09:00,0.0,0.0
2023-01-29 17:10:00,0.0,0.0
2023-01-29 17:11:00,0.0,0.0
2023-01-29 17:12:00,0.0,0.0
2023-01-29 17:13:00,0.0,0.0
2023-01-29 17:14:00,0.0,0.0
2023-01-29 17:15:00,-0.0,-0.0
2023-01-29 17:16:00,-0.0,-0.0
2023-01-29 17:17:00,0.0,0.0
2023-01-29 17:18:00,0.0,0.0
2023-01-29 17:19:00,0.0,0.0
2023-01-29 17:20:00,0.0,0.0
2023-01-29 17:21:00,0.0,0.0
2023-01-29 17:22:00,-0.0,-0.0
2023-01-29 17:23:00,-0.0,-0.0
2023-01-29 17:24:00,0.0,0.0
2023-01-29 17:25:00,0.0,0.0
2023-01-29 17:26:00,0.0,0.0
2023-01-29 17:27:00,0.0,0.0
2023-01-29 17:28:00,0.0,0.0
2023-01-29 17:29:00,-0.0,-0.0
2023-01-29 17:30:00,0.0,0.0
2023-01-29 17:31:00,0.0,0.0
2023-01-29 17:32:00,0.0,0.0
2023-01-29 17:33:00,0.0,0.0
2023-01-29 17:34:00,0.0,0.0
2023-01-29 17:35:00,0.0,0.0
2023-01-29 17:36:00,-0.0,-0.0
2023-01-29 17:37:00,0.0,0.0
2023-01-29 17:38:00,0.0,0.0
2023-01-29 17:39:00,0.0,0.0
2023-01-29 17:40:00,0.0,0.0
2023-01-29 17:41:00,0.0,0.0
2023-01-29 17:42:00,-0.0,-0.0
2023-01-29 17:43:00,0.0,0.0
2023-01-29 17:44:00,-0.0,-0.0
2023-01-29 17:45:00,0.0,0.0
2023-01-29 17:46:00,0.0,0.0
2023-01-29 17:47:00,0.0,0.0
2023-01-29 17:48:00,0.0,0.0
2023-01-29 17:49:00,-0.0,-0.0
2023-01-29 17:50:00,-0.0,-0.0
2023-01-29 17:51:00,0.0,0.0
2023-01-29 17:52:00,0.0,0.0
2023-01-29 17:53:00,-0.0,-0.0
2023-01-29 17:54:00,0.0,0.0
2023-01-29 17:55:00,0.0,0.0
2023-01-29 17:56:00,-0.0,-0.0
2023-01-29 17:57:00,0.0,0.0
2023-01-29 17:58:00,0.0,0.0
2023-01-29 17:59:00,0.0,0.0
2023-01-29 18:00:00,0.0,0.0
2023-01-29 18:01:00,0.0,0.0
2023-01-29 18:02:00,0.0,0.0
2023-01-29 18:03:00,0.0,0.0
2023-01-29 18:04:00,0.0,0.0
2023-01-29 18:05:00,0.0,0.0
2023-01-29 18:06:00,0.0,0.0
2023-01-29 18:07:00,-0.0,-0.0
2023-01-29 18:08:00,-0.0,-0.0
2023-01-29 18:09:00,0.0,0.0
2023-01-29 18:10:00,-0.0,-0.0
2023-01-29 18:11:00,0.0,0.0
2023-01-29 18:12:00,0.0,0.0
2023-01-29 18:13:00,0.0,0.0
2023-01-29 18:14:00,0.0,0.0
2023-01-29 18:15:00,0.0,0.0
2023-01-29 18:16:00,0.0,0.0
2023-01-29 18:17:00,0.0,0.0
2023-01-29 18:18:00,0.0,0.0
2023-01-29 18:19:00,0.0,0.0
2023-01-29 18:20:00,0.0,0.0
2023-01-29 18:21:00,0.0,0.0
2023-01-29 18:22:00,0.0,0.0
2023-01-29 18:23:00,0.0,0.0
2023-01-29 18:24:00,0.0,0.0
2023-01-29 18:25:00,0.0,0.0
2023-01-29 18:26:00,0.0,0.0
2023-01-29 18:27:00,0.0,0.0
2023-01-29 18:28:00,-0.0,-0.0
2023-01-29 18:29:00,0.0,0.0
2023-01-29 18:30:00,0.0,0.0
2023-01-29 18:31:00,0.0,0.0
2023-01-29 18:32:00,0.0,0.0
2023-01-29 18:33:00,0.0,0.0
2023-01-29 18:34:00,0.0,0.0
2023-01-29 18:35:00,-0.0,-0.0
2023-01-29 18:36:00,0.0,0.0
2023-01-29 18:37:00,0.0,0.0
2023-01-29 18:38:00,0.0,0.0
2023-01-29 18:39:00,0.0,0.0
2023-01-29 18:40:00,-0.0,-0.0
2023-01-29 18:41:00,0.0,0.0
2023-01-29 18:42:00,0.0,0.0
2023-01-29 18:43:00,0.0,0.0
2023-01-29 18:44:00,0.0,0.0
2023-01-29 18:45:00,0.0,0.0
2023-01-29 18:46:00,-0.0,-0.0
2023-01-29 18:47:00,-0.0,-0.0
2023-01-29 18:48:00,0.0,0.0
2023-01-29 18:49:00,0.0,0.0
2023-01-29 18:50:00,-0.0,-0.0
2023-01-29 18:51:00,0.0,0.0
2023-01-29 18:52:00,-0.0,-0.0
2023-01-29 18:53:00,0.0,0.0
2023-01-29 18:54:00,0.0,0.0
2023-01-29 18:55:00,0.0,0.0
2023-01-29 18:56:00,0.0,0.0
2023-01-29 18:57:00,0.0,0.0
2023-01-29 18:58:00,0.0,0.0
2023-01-29 18:59:00,0.0,0.0
2023-01-29 19:00:00,0.0,0.0
2023-01-29 19:01:00,0.0,0.0
2023-01-29 19:02:00,0.0,0.0
2023-01-29 19:03:00,0.0,0.0
2023-01-29 19:04:00,0.0,0.0
2023-01-29 19:05:00,0.0,0.0
2023-01-29 19:06:00,-0.0,-0.0
2023-01-29 19:07:00,-0.0,-0.0
2023-01-29 19:08:00,0.0,0.0
2023-01-29 19:09:00,0.0,0.0
2023-01-29 19:10:00,0.0,0.0
2023-01-29 19:11:00,-0.0,-0.0
2023-01-29 19:12:00,0.0,0.0
2023-01-29 19:13:00,0.0,0.0
2023-01-29 19:14:00,0.0,0.0
2023-01-29 19:15:00,0.0,0.0
2023-01-29 19:16:00,-0.0,-0.0
2023-01-29 19:17:00,-0.0,-0.0
2023-01-29 19:18:00,0.0,0.0
2023-01-29 19:19:00,0.0,0.0
2023-01-29 19:20:00,0.0,0.0
2023-01-29 19:21:00,-0.0,-0.0
2023-01-29 19:22:00,-0.0,-0.0
2023-01-29 19:23:00,-0.0,-0.0
2023-01-29 19:24:00,0.0,0.0
2023-01-29 19:25:00,0.0,0.0
2023-01-29 19:26:00,0.0,0.0
2023-01-29 19:27:00,-0.0,-0.0
2023-01-29 19:28:00,-0.0,-0.0
2023-01-29 19:29:00,0.0,0.0
2023-01-29 19:30:00,0.0,0.0
2023-01-29 19:31:00,0.0,0.0
2023-01-29 19:32:00,0.0,0.0
2023-01-29 19:33:00,0.0,0.0
2023-01-29 19:34:00,0.0,0.0
2023-01-29 19:35:00,0.0,0.0
2023-01-29 19:36:00,0.0,0.0
2023-01-29 19:37:00,0.0,0.0
2023-01-29 19:38:00,0.0,0.0
2023-01-29 19:39:00,0.0,0.0
2023-01-29 19:40:00,0.0,0.0
2023-01-29 19:41:00,0.0,0.0
2023-01-29 19:42:00,0.0,0.0
2023-01-29 19:43:00,0.0,0.0
2023-01-29 19:44:00,0.0,0.0
2023-01-29 19:45:00,-0.0,-0.0
2023-01-29 19:46:00,0.0,0.0
2023-01-29 19:47:00,0.0,0.0
2023-01-29 19:48:00,0.0,0.0
2023-01-29 19:49:00,0.0,0.0
2023-01-29 19:50:00,-0.0,-0.0
2023-01-29 19:51:00,0.0,0.0
2023-01-29 19:52:00,-0.0,-0.0
2023-01-29 19:53:00,-0.0,-0.0
2023-01-29 19:54:00,0.0,0.0
2023-01-29 19:55:00,0.0,0.0
2023-01-29 19:56:00,0.0,0.0
2023-01-29 19:57:00,-0.0,-0.0
2023-01-29 19:58:00,0.0,0.0
2023-01-29 19:59:00,-0.0,-0.0
2023-01-29 20:00:00,0.0,0.0
2023-01-29 20:01:00,0.0,0.0
2023-01-29 20:02:00,0.0,0.0
2023-01-29 20:03:00,0.0,0.0
2023-01-29 20:04:00,0.0,0.0
2023-01-29 20:05:00,0.0,0.0
2023-01-29 20:06:00,-0.0,-0.0
2023-01-29 20:07:00,0.0,0.0
2023-01-29 20:08:00,0.0,0.0
2023-01-29 20:09:00,0.0,0.0
2023-01-29 20:10:00,0.0,0.0
2023-01-29 20:11:00,-0.0,-0.0
2023-01-29 20:12:00,0.0,0.0
2023-01-29 20:13:00,0.0,0.0
2023-01-29 20:14:00,-0.0,-0.0
2023-01-29 20:15:00,0.0,0.0
2023-01-29 20:16:00,0.0,0.0
2023-01-29 20:17:00,0.0,0.0
2023-01-29 20:18:00,0.0,0.0
2023-01-29 20:19:00,0.0,0.0
2023-01-29 20:20:00,0.0,0.0
2023-01-29 20:21:00,0.0,0.0
2023-01-29 20:22:00,0.0,0.0
2023-01-29 20:23:00,0.0,0.0
2023-01-29 20:24:00,0.0,0.0
2023-01-29 20:25:00,-0.0,-0.0
2023-01-29 20:26:00,0.0,0.0
2023-01-29 20:27:00,-0.0,-0.0
2023-01-29 20:28:00,-0.0,-0.0
2023-01-29 20:29:00,0.0,0.0
2023-01-29 20:30:00,0.0,0.0
2023-01-29 20:31:00,0.0,0.0
2023-01-29 20:32:00,0.0,0.0
2023-01-29 20:33:00,0.0,0.0
2023-01-29 20:34:00,0.0,0.0
2023-01-29 20:35:00,0.0,0.0
2023-01-29 20:36:00,0.0,0.0
2023-01-29 20:37:00,0.0,0.0
2023-01-29 20:38:00,0.0,0.0
2023-01-29 20:39:00,0.0,0.0
2023-01-29 20:40:00,0.0,0.0
2023-01-29 20:41:00,0.0,0.0
2023-01-29 20:42:00,-0.0,-0.0
2023-01-29 20:43:00,0.0,0.0
2023-01-29 20:44:00,0.0,0.0
2023-01-29 20:45:00,0.0,0.0
2023-01-29 20:46:00,0.0,0.0
2023-01-29 20:47:00,0.0,0.0
2023-01-29 20:48:00,0.0,0.0
2023-01-29 20:49:00,0.0,0.0
2023-01-29 20:50:00,-0.0,-0.0
2023-01-29 20:51:00,0.0,0.0
2023-01-29 20:52:00,0.0,0.0
2023-01-29 20:53:00,0.0,0.0
2023-01-29 20:54:00,0.0,0.0
2023-01-29 20:55:00,-0.0,-0.0
2023-01-29 20:56:00,0.0,0.0
2023-01-29 20:57:00,0.0,0.0
2023-01-29 20:58:00,0.0,0.0
2023-01-29 20:59:00,0.0,0.0
2023-01-29 21:00:00,0.0,0.0
2023-01-29 21:01:00,-0.0,-0.0
2023-01-29 21:02:00,-0.0,-0.0
2023-01-29 21:03:00,-0.0,-0.0
2023-01-29 21:04:00,0.0,0.0
2023-01-29 21:05:00,0.0,0.0
2023-01-29 21:06:00,0.0,0.0
2023-01-29 21:07:00,0.0,0.0
2023-01-29 21:08:00,0.0,0.0
2023-01-29 21:09:00,0.0,0.0
2023-01-29 21:10:00,0.0,0.0
2023-01-29 21:11:00,0.0,0.0
2023-01-29 21:12:00,0.0,0.0
2023-01-29 21:13:00,-0.0,-0.0
2023-01-29 21:14:00,0.0,0.0
2023-01-29 21:15:00,-0.0,-0.0
2023-01-29 21:16:00,0.0,0.0
2023-01-29 21:17:00,0.0,0.0
2023-01-29 21:18:00,0.0,0.0
2023-01-29 21:19:00,0.0,0.0
2023-01-29 21:20:00,0.0,0.0
2023-01-29 21:21:00,0.0,0.0
2023-01-29 21:22:00,0.0,0.0
2023-01-29 21:23:00,0.0,0.0
2023-01-29 21:24:00,0.0,0.0
2023-01-29 21:25:00,0.0,0.0
2023-01-29 21:26:00,0.0,0.0
2023-01-29 21:27:00,-0.0,-0.0
2023-01-29 21:28:00,0.0,0.0
2023-01-29 21:29:00,0.0,0.0
2023-01-29 21:30:00,0.0,0.0
2023-01-29 21:31:00,0.0,0.0
2023-01-29 21:32:00,0.0,0.0
2023-01-29 21:33:00,-0.0,-0.0
2023-01-29 21:34:00,0.0,0.0
2023-01-29 21:35:00,0.0,0.0
2023-01-29 21:36:00,0.0,0.0
2023-01-29 21:37:00,0.0,0.0
2023-01-29 21:38:00,0.0,0.0
2023-01-29 21:39:00,-0.0,-0.0
2023-01-29 21:40:00,-0.0,-0.0
2023-01-29 21:41:00,0.0,0.0
2023-01-29 21:42:00,0.0,0.0
2023-01-29 21:43:00,-0.0,-0.0
2023-01-29 21:44:00,0.0,0.0
2023-01-29 21:45:00,-0.0,-0.0
2023-01-29 21:46:00,0.0,0.0
2023-01-29 21:47:00,0.0,0.0
2023-01-29 21:48:00,0.0,0.0
2023-01-29 21:49:00,0.0,0.0
2023-01-29 21:50:00,0.0,0.0
2023-01-29 21:51:00,0.0,0.0
2023-01-29 21:52:00,-0.0,-0.0
2023-01-29 21:53:00,0.0,0.0
2023-01-29 21:54:00,0.0,0.0
2023-01-29 21:55:00,0.0,0.0
2023-01-29 21:56:00,0.0,0.0
2023-01-29 21:57:00,0.0,0.0
2023-01-29 21:58:00,0.0,0.0
2023-01-29 21:59:00,0.0,0.0
2023-01-29 22:00:00,-0.0,-0.0
2023-01-29 22:01:00,-0.0,-0.0
2023-01-29 22:02:00,0.0,0.0
2023-01-29 22:03:00,0.0,0.0
2023-01-29 22:04:00,0.0,0.0
2023-01-29 22:05:00,0.0,0.0
2023-01-29 22:06:00,0.0,0.0
2023-01-29 22:07:00,-0.0,-0.0
2023-01-29 22:08:00,0.0,0.0
2023-01-29 22:09:00,0.0,0.0
2023-01-29 22:10:00,0.0,0.0
2023-01-29 22:11:00,0.0,0.0
2023-01-29 22:12:00,0.0,0.0
2023-01-29 22:13:00,0.0,0.0
2023-01-29 22:14:00,-0.0,-0.0
2023-01-29 22:15:00,0.0,0.0
2023-01-29 22:16:00,0.0,0.0
2023-01-29 22:17:00,-0.0,-0.0
2023-01-29 22:18:00,0.0,0.0
2023-01-29 22:19:00,-0.0,-0.0
2023-01-29 22:20:00,0.0,0.0
2023-01-29 22:21:00,-0.0,-0.0
2023-01-29 22:22:00,0.0,0.0
2023-01-29 22:23:00,0.0,0.0
2023-01-29 22:24:00,0.0,0.0
2023-01-29 22:25:00,0.0,0.0
2023-01-29 22:26:00,-0.0,-0.0
2023-01-29 22:27:00,0.0,0.0
2023-01-29 22:28:00,0.0,0.0
2023-01-29 22:29:00,-0.0,-0.0
2023-01-29 22:30:00,0.0,0.0
2023-01-29 22:31:00,-0.0,-0.0
2023-01-29 22:32:00,0.0,0.0
2023-01-29 22:33:00,0.0,0.0
2023-01-29 22:34:00,-0.0,-0.0
2023-01-29 22:35:00,0.0,0.0
2023-01-29 22:36:00,-0.0,-0.0
2023-01-29 22:37:00,0.0,0.0
2023-01-29 22:38:00,-0.0,-0.0
2023-01-29 22:39:00,-0.0,-0.0
2023-01-29 22:40:00,0.0,0.0
2023-01-29 22:41:00,0.0,0.0
2023-01-29 22:42:00,0.0,0.0
2023-01-29 22:43:00,0.0,0.0
2023-01-29 22:44:00,0.0,0.0
2023-01-29 22:45:00,0.0,0.0
2023-01-29 22:46:00,-0.0,-0.0
2023-01-29 22:47:00,0.0,0.0
2023-01-29 22:48:00,0.0,0.0
2023-01-29 22:49:00,0.0,0.0
2023-01-29 22:50:00,0.0,0.0
2023-01-29 22:51:00,0.0,0.0
2023-01-29 22:52:00,-0.0,-0.0
2023-01-29 22:53:00,0.0,0.0
2023-01-29 22:54:00,0.0,0.0
2023-01-29 22:55:00,0.0,0.0
2023-01-29 22:56:00,0.0,0.0
2023-01-29 22:57:00,-0.0,-0.0
2023-01-29 22:58:00,0.0,0.0
2023-01-29 22:59:00,-0.0,-0.0
2023-01-29 23:00:00,0.0,0.0
2023-01-29 23:01:00,0.0,0.0
2023-01-29 23:02:00,0.0,0.0
2023-01-29 23:03:00,0.0,0.0
2023-01-29 23:04:00,-0.0,-0.0
2023-01-29 23:05:00,0.0,0.0
2023-01-29 23:06:00,0.0,0.0
2023-01-29 23:07:00,-0.0,-0.0
2023-01-29 23:08:00,0.0,0.0
2023-01-29 23:09:00,0.0,0.0
2023-01-29 23:10:00,0.0,0.0
2023-01-29 23:11:00,0.0,0.0
2023-01-29 23:12:00,0.0,0.0
2023-01-29 23:13:00,-0.0,-0.0
2023-01-29 23:14:00,0.0,0.0
2023-01-29 23:15:00,0.0,0.0
2023-01-29 23:16:00,0.0,0.0
2023-01-29 23:17:00,0.0,0.0
2023-01-29 23:18:00,0.0,0.0
2023-01-29 23:19:00,0.0,0.0
2023-01-29 23:20:00,0.0,0.0
2023-01-29 23:21:00,-0.0,-0.0
2023-01-29 23:22:00,0.0,0.0
2023-01-29 23:23:00,0.0,0.0
2023-01-29 23:24:00,0.0,0.0
2023-01-29 23:25:00,0.0,0.0
2023-01-29 23:26:00,-0.0,-0.0
2023-01-29 23:27:00,0.0,0.0
2023-01-29 23:28:00,-0.0,-0.0
2023-01-29 23:29:00,0.0,0.0
2023-01-29 23:30:00,0.0,0.0
2023-01-29 23:31:00,0.0,0.0
2023-01-29 23:32:00,0.0,0.0
2023-01-29 23:33:00,0.0,0.0
2023-01-29 23:34:00,0.0,0.0
2023-01-29 23:35:00,-0.0,-0.0
2023-01-29 23:36:00,0.0,0.0
2023-01-29 23:37:00,0.0,0.0
2023-01-29 23:38:00,-0.0,-0.0
2023-01-29 23:39:00,-0.0,-0.0
2023-01-29 23:40:00,-0.0,-0.0
2023-01-29 23:41:00,0.0,0.0
2023-01-29 23:42:00,0.0,0.0
2023-01-29 23:43:00,0.0,0.0
2023-01-29 23:44:00,0.0,0.0
2023-01-29 23:45:00,0.0,0.0
2023-01-29 23:46:00,-0.0,-0.0
2023-01-29 23:47:00,0.0,0.0
2023-01-29 23:48:00,-0.0,-0.0
2023-01-29 23:49:00,-0.0,-0.0
2023-01-29 23:50:00,0.0,0.0
2023-01-29 23:51:00,-0.0,-0.0
2023-01-29 23:52:00,0.0,0.0
2023-01-29 23:53:00,-0.0,-0.0
2023-01-29 23:54:00,0.0,0.0
2023-01-29 23:55:00,0.0,0.0
2023-01-29 23:56:00,0.0,0.0
2023-01-29 23:57:00,0.0,0.0
2023-01-29 23:58:00,-0.0,-0.0
2023-01-29 23:59:00,0.0,0.0
